Metric,Score
Accuracy,0.9263657957244655
Precision,0.8769448373408769
Recall,0.9011627906976745
F1 Macro,0.9169133609630945
ROC-AUC,0.9728709523887676
